ICHE Who's Who Report 2011 -- Grades 5-8,,,,,,,

Region, Student Name, Grade, Street, City, State, Zip, Phone
1, Ian McConnaughey, 6, 727 LOST MILE RD, Bonners Ferry, ID, 83805, (208) 267-9279

Region, Student Name, Grade, Street, City, State, Zip, Phone
2, Jacob Baker, 6, 105 W 19TH AVE, Post Falls, ID, 83854, (208) 773-1714
2, Tina Barbieri, 8, 564 E PRAIRIE AVE, Dalton Gardens, ID, 83815, (208) 762-3737
2, Josiah Broughton, 6, 12451 N CHASE RD, Rathdrum, ID, 83858, (208) 687-2629
2, Sam Cuentas, 5, 1517 N SYRINGA ST, Post Falls, ID, 83854, (208) 773-8371
2, Lanae Dahlman, 8, 15854 N SPORTMAN PARK RD, Hayden Lake, ID, 83835, (208) 762-3775
2, Elizabeth Deak, 8, 11491 N AVONDALE LOOP, Hayden Lake, ID, 83835, (208) 819-7359
2, Josiah Deak, 5, 11491 N AVONDALE LOOP, Hayden Lake, ID, 83835, (208) 819-7359
2, Lydia Heberer, 8, 12456 RIO VISTA PL, Post Falls, ID, 83854, (208) 964-5228
2, Daniel Keaty, 6, 12071 N AMETHYST DR, Hayden, ID, 83835, (208) 762-3329
2, Douglas Keaty, 7, 12071 N AMETHYST DR, Hayden, ID, 83835, (208) 762-3329
2, Kira Lambas, 6, 1415 N WILLAMETTE DR, Post Falls, ID, 83854, (208) 773-3573
2, Jadan Possinger, 7, 4954 W Delaware St, Spirit Lake, ID, 83869, (208) 623-6451
2, Andrew Stedman, 7, 16392 N WESTWOOD, RATHDRUM, ID, 83858, (208) 687-0823
2, Caleb Stedman, 8, 16392 N WESTWOOD, RATHDRUM, ID, 83858, (208) 687-0823
2, Micah Turnbull, 8, 15280 W SANDBACK, Post Falls, ID, 83854, (208) 818-1514
2, Val Wold, 8, PO BOX 341, Liberty Lake, WA, 99019, (208) 691-6964

Region, Student Name, Grade, Street, City, State, Zip, Phone
3, Kendra Bouma, 7, PO BOX 105, Viola, ID, 83872, (208) 883-9544
3, Helena Kirkland, 7, 2615 CASTLEFORD, Moscow, ID, 83843, (208) 301-1288
3, Laura Kirkland, 5, 2615 CASTLEFORD, Moscow, ID, 83843, (208) 301-1288
3, Alison MacDonald, 8, 303 W CANYON ST, Colfax, WA, 99111, (509) 595-3620
3, Asha Mitchem, 8, 255 ROSEMONT LN, Tensed, ID, 83870, (208) 651-6063
3, Chloe Mitchem, 6, 255 ROSEMONT LN, Tensed, ID, 83870, (208) 651-6063
3, Rachel Mitchem, 8, 255 ROSEMONT LN, Tensed, ID, 83870, (208) 651-6063
3, Carson Sass, 6, 1271 SPRENGER RD, Genesee, ID, 83832, (208) 224-6906

Region, Student Name, Grade, Street, City, State, Zip, Phone
4, Max Abe, 6, 5002C SOUTHSIDE BLVD, Nampa, ID, 83686, (208) 495-2395
4, Noelle Abe, 8, 5002C SOUTHSIDE BLVD, Nampa, ID, 83686, (208) 495-2395
4, D. Daniel Bollinger, 7, 1284 RUTH LN, Nampa, ID, 83686, (208) 284-6071
4, Aaron Borger, 5, 3315 PARKVIEW WAY, Nampa, ID, 83687, (208) 866-3822
4, Harvey Breaux, 7, 22902 BLESSINGER, Star, ID, 83669, (208) 286-7111
4, Sage Earnest, 5, 702 Vista Terrace, Nampa, ID, 83686, (208) 465-0099
4, Matthew Erwin, 7, 1313 W FLORIDA LN, Nampa, ID, 83686, (208) 468-3704
4, Taylor Fox, 8, 7620 COWEN ST, Boise, ID, 83709, (208) 362-3855
4, Tasi Goodell, 8, 14899 SAND HOLLOW RD, Caldwell, ID, 83607, (208) 459-2196
4, Austin Hanks, 5, 17501 NORTHSIDE BLVD, NAMPA, ID, 83687, (208) 461-4644
4, Virginia Harness, 7, 9469 S POWERLINE RD, Nampa, ID, 83686, (208) 463-8985
4, Maria Hinton, 5, 12473 CINNABAR WAY, Murphy, ID, 83650, (208) 495-2185
4, Shenandoah Hinton, 6, 12473 CINNABAR WAY, Murphy, ID, 83650, (208) 495-2185
4, Gabe Hooper, 6, 12551 W BRIARWOOD DR, Boise, ID, 83713, (208) 322-5502
4, Drue Johnson, 8, 16730 PLUM RD, Caldwell, ID, 83607, (208) 459-4107
4, Genika Johnson, 6, 7448 E WILTSHIRE CT, Nampa, ID, 83687, (208) 965-6244
4, Alexander Knopp, 7, 7205 SILVER CHARM CT, Nampa, ID, 83686, (208) 442-1696
4, Ethan Knopp, 5, 7205 SILVER CHARM CT, Nampa, ID, 83686, (208) 442-1696
4, Julia Madden, 5, 1044 W GOLD ST, KUNA, ID, 83634, (208) 922-1581
4, Miles Madden, 7, 1044 W GOLD ST, KUNA, ID, 83634, (208) 922-1581
4, Georgia Neukom, 7, 4664 STEEPLECHASE DR, Meridian, ID, 83646, (208) 887-1426
4, Noah Randolph, 6, 8337 E Expedition Dr., Nampa, ID, 83687, (208) 250-7315
4, Craig Tanaka, 8, 8179 E EDEN CT, Nampa, ID, 83687, (208) 461-0023
4, David Tathwell, 8, 11050 W HOLLANDALE DR, Boise, ID, 83709, (208) 376-7548

Region, Student Name, Grade, Street, City, State, Zip, Phone
5, Savannah Andrade, 5, 3307 TAMARACK DR, Boise, ID, 83703, (208) 283-2104
5, Wesley Boer, 5, 3452 E SALCOMBE DR, Meridian, ID, 83642, (208) 658-4516
5, Kaitlyn Boswell, 8, 2821 W PAULA RED CT, Kuna, ID, 83634, (208) 867-3015
5, Emily Briggs, 8, 1770 W OAKLEY WAY, Kuna, ID, 83634, (208) 922-9018
5, Rebekah Briggs, 5, 1770 W OAKLEY WAY, Kuna, ID, 83634, (208) 922-9018
5, Aaron Carlson, 8, 8600 W TARP LN, Boise, ID, 83709, (208) 484-3981
5, Abriana Church, 6, 113 PINE GAP RD, Horseshoe Bend, ID, 83629, (208) 793-3977
5, Malena Darden, 8, 5904 N COBBLER LN, Boise, ID, 83703, (208) 914-0441
5, Marissa Duenas, 7, 4550 S RAMONA ST, Meridian, ID, 83642, (208) 884-1068
5, Lochlan Frederick, 5, 8796 W TILLAMOOK DR, Boise, ID, 83709, (208) 562-1489
5, Grace Hancock, 8, 2812 N 28TH ST, Boise, ID, 83703, (208) 385-0412
5, Jonathan Henbest, 8, 524 NW 15TH ST, Meridian, ID, 83642, (208) 888-7605
5, Inna Hetrick, 7, 11215 W EDGEHILL DR, Boise, ID, 83709, (208) 377-0047
5, Virginia Ireland, 6, 12218 W OLDHAM CT, Boise, ID, 83709, (208) 377-0712
5, Mackenzie Landreth, 7, 1602 S EAGLE RD, Kuna, ID, 83634, (208) 922-1175
5, Mikayla Lee, 6, 477 S WICKHAM FEN WAY, Boise, ID, 83709, (208) 495-3420
5, Clark McCauley, 6, 2242 N EDGEWOOD RD, Eagle, ID, 83616, (208) 939-4535
5, Charissa Miller, 5, 11675 W DANIEL DR, Boise, ID, 83713, (208) 376-7865
5, Christopher Miller, 8, 11675 W DANIEL DR, Boise, ID, 83713, (208) 376-7865
5, Channing Mitson, 5, 5847 N COSWORTH PL, Boise, ID, 83713, (208) 938-5421
5, Joshua Monaghan, 5, 4581 E FAITH LN, Meridian, ID, 83642, (208) 362-8587
5, Benjamin Moody, 6, 4520 W FOXY LN, Kuna, ID, 83634, (208) 922-4796
5, Katherine Nelson, 6, 3296 S QUARTERSWING WAY, Boise, ID, 83716, (208) 344-6180
5, Katey Oswalt, 8, 1220 E LAKE CREEK ST, Meridian, ID, 83642, (208) 922-1941
5, Caleb Pirc, 5, 3342 N WESTON AVE, Meridian, ID, 83646, (208) 888-2461
5, Hannah Pirc, 5, 3342 N WESTON AVE, Meridian, ID, 83646, (208) 888-2461
5, Emma Slagle, 6, 831 N FRUITWOOD PL, Eagle, ID, 83616, (208) 939-7763
5, Matthew Twait, 5, 1200 N MCDERMOTT RD, Meridian, ID, 83642, (208) 884-2008
5, Mikaela Twait, 7, 1200 N MCDERMOTT RD, Meridian, ID, 83642, (208) 884-2008
5, Kynan Watson, 5, 6827 NORTHVIEW ST, Boise, ID, 83704, (208) 672-0548
5, Brooke Wilson, 7, 6 SAND HOLLOW LN, Horseshoe Bend, ID, 83629, (208) 793-2938

Region, Student Name, Grade, Street, City, State, Zip, Phone
7, Kristen Johns, 8, 3607 E 3870 N, Kimberly, ID, 83341, (208) 423-5494
7, Kathryn Lundgren, 8, 2450 BUCKINGHAM CT, Twin Falls, ID, 83301, (208) 944-4075
7, Nielsen Lundgren, 5, 2450 BUCKINGHAM CT, Twin Falls, ID, 83301, (208) 944-4075

Region, Student Name, Grade, Street, City, State, Zip, Phone
9, Spencer Barbre, 6, RR 3 BOX 192, Blackfoot, ID, 83221, (208) 317-5590
9, Austin Gasper, 8, PO BOX 502, Inkom, ID, 83245, (208) 775-3204

Region, Student Name, Grade, Street, City, State, Zip, Phone
11, Rebecca Corgatelli, 8, 980 JUNE AVE, Idaho Falls, ID, 83404, (208) 523-4936
11, Anna Gering, 5, 11128 N. 25th E, Idaho Falls, ID, 83401, (208) 525-8939
11, Jesse Haas, 6, 2624 LIMERICK CIR, Idaho Falls, ID, 83404, (208) 542-2738

Region, Student Name, Grade, Street, City, State, Zip, Phone
12, Hannah Schwank, 5, 922 1/2 LINDEN AVE, Lewiston, ID, 83501, (208) 743-4190

Region, Student Name, Grade, Street, City, State, Zip, Phone
13, Asa Grobey, 5, 2439 ALBERS RD, NezPerce, ID, 83543, (208) 476-5695
13, Stephen Grobey, 7, 2439 ALBERS RD, NezPerce, ID, 83543, (208) 476-5695

Region, Student Name, Grade, Street, City, State, Zip, Phone
14, Adam Erickson, 5, 2109 HIGHLAND DR, Payette, ID, 83661, (208) 740-0394
14, Trent Erickson, 8, 2109 HIGHLAND DR, Payette, ID, 83661, (208) 740-0394
14, John Zaklan, 8, 1210 N 6TH ST, Payette, ID, 83661, (208) 642-2545

Region, Student Name, Grade, Street, City, State, Zip, Phone
15, Kathleen Libby, 7, PO BOX 568, New Meadows, ID, 83654, (208) 347-2463

Region, Student Name, Grade, Street, City, State, Zip, Phone
17, Madison Anderson, 8, 349 BLAINE ST, Arco, ID, 83213, (208) 527-7776

Region, Student Name, Grade, Street, City, State, Zip, Phone
19, Laurel Schroeder, 6, 2721 KINGS WAY DR, Homedale, ID, 83628, (208) 337-5666
19, Jacob Winters, 7, 322 LARKSPUR CT, Caldwell, ID, 83605, (208) 454-5569

98 Students