ICHE Summa / Who's Who Report 2011 -- Grades 9-12,,,,,,,

, , , SUMA, , , , WHO'S WHO, , , , , , , ,
Region, Student Name, 2008, 2009, 2010, 2011, 2008, 2009, 2010, 2011, Grade, Street, City, State, Zip, Phone
1, Granite Allinger, , X, , X, , X, , X, 10, 923 SILVER SPRINGS RD, Moyie Springs, ID, 83845, (208) 267-3639
1, Benjamin Cherry, , , , , X, X, X, X, 9, PO BOX 1233, Sagle, ID, 83860, (208) 265-9449
1, Carlie Hoerth, , , , , , X, , X, 11, 39869 HWY 200, Hope, ID, 83836, (208) 263-3937
1, Lauren Palmer, X, X, X, X, X, X, X, X, 9, 512 MOYIE RIVER RD, Bonners Ferry, ID, 83805, (208) 267-5957

Region, Student Name, S8, S9, S10, S11, W8, W9, W10, W11, Grade, Street, City, State, Zip, Phone
2, Christopher Arndt, X, , X, X, X, , X, X, 12, 10671 N IDAHO RD, Post Falls, ID, 83854, (208) 777-8965
2, Matthew Arndt, X, , X, , X, , X, X, 9, 10671 N IDAHO RD, Post Falls, ID, 83854, (208) 777-8965
2, James Barbieri, X, X, X, X, X, X, X, X, 12, 564 E PRAIRIE AVE, Dalton Gardens, ID, 83815, (208) 762-3737
2, Benjamin Chase, X, , X, X, X, X, X, X, 11, PO BOX 642, Coeur d Alene, ID, 83816, (208) 772-8293
2, Victoria Chase, , , , , , , , X, 10, PO BOX 642, Coeur d Alene, ID, 83816, (208) 772-8293
2, Matthew Conner, , , X, , X, X, X, X, 12, 1888 E SHOSHONE, Athol, ID, 83801, (208) 819-5022
2, Jonathan Deak, , , , , , , , X, 10, 11491 N AVONDALE LOOP, Hayden Lake, ID, 83835, (208) 819-7359
2, Brett Harned, , , X, X, , , X, X, 11, 7891 W RADMER RD, Rathdrum, ID, 83858, (208) 687-0793
2, Olivia Heisey, X, , , , X, , X, X, 10, 6225 N SUNRISE TER, Coeur d Alene, ID, 83815, (208) 661-6825
2, Allen Hill, X, X, X, X, X, X, X, X, 11, 6952 N 15TH ST, Dalton Gardens, ID, 83815, (208) 762-1400
2, Rachel Joseph, , , , X, , , , X, 9, 1365 N TANZANITE ST, Post Falls, ID, 83854, (208) 661-9026
2, Bradford Keaty, , X, X, X, X, X, X, X, 11, 12071 N AMETHYST DR, Hayden, ID, 83835, (208) 762-3329
2, Samuel Paul, , , , X, , , , X, 12, 2511 N HENRY ST, Post Falls, ID, 83854, (208) 773-3505
2, Tim Strasburger, , , , , , , X, X, 11, 31149 N HAYDEN DR, Spirit Lake, ID, 83869, (208) 818-0400
2, Evan Szakacs, , , , X, , , , X, 10, PO BOX 1054, Athol, ID, 83801, (208) 215-1341

Region, Student Name, S8, S9, S10, S11, W8, W9, W10, W11, Grade, Street, City, State, Zip, Phone
3, Susannah Bauer, X, X, X, X, X, X, X, X, 11, 1098 4TH MILE RD, Viola, ID, 83872, (208) 882-4945
3, Miaka Chittenden, , , , , , , X, X, 12, PO BOX 93, Tensed, ID, 83870, (208) 568-1313
3, Katharine MacDonald, X, X, X, X, X, X, X, X, 10, 303 W CANYON ST, Colfax, WA, 99111, (509) 595-3620
3, Austin Sass, , X, , , X, X, X, X, 9, 1271 SPRENGER RD, Genesee, ID, 83832, (208) 224-6906
3, Lucas Sass, X, X, X, X, X, X, X, X, 11, 1271 SPRENGER RD, Genesee, ID, 83832, (208) 224-6906
3, Tyler Sass, , , , , X, X, X, X, 9, 1271 SPRENGER RD, Genesee, ID, 83832, (208) 224-6906
3, Ben Wilson, X, X, X, X, X, X, X, X, 12, 1132 FOUR MILE RD, Viola, ID, 83872, (208) 892-0885

Region, Student Name, S8, S9, S10, S11, W8, W9, W10, W11, Grade, Street, City, State, Zip, Phone
4, Rebecca Bollinger, X, , , X, X, , X, X, 9, 1284 RUTH LN, Nampa, ID, 83686, (208) 284-6071
4, Camille Breaux, , X, X, X, , X, X, X, 10, 22902 BLESSINGER, Star, ID, 83669, (208) 286-7111
4, Jerod Davidson, , X, X, X, , X, X, X, 11, 621 W BRIDGER AVE, Nampa, ID, 83651, (208) 465-8067
4, Johanna Fisher, X, X, X, X, X, X, X, X, 10, 11845 EVA LN, Caldwell, ID, 83607, (208) 871-6722
4, Kimberly Fox, , , X, X, X, X, X, X, 11, 7620 COWEN ST, Boise, ID, 83709, (208) 362-3855
4, Jocelyn Hepton, , , , X, , , X, X, 12, 913 N ROBINSON, Nampa, ID, 83687, (208) 463-0686
4, Heather Hinz, , , , X, , , , X, 9, PO BOX 174, Melba, ID, 83641, (208) 495-2825
4, Danielle Hooper, X, X, X, X, X, X, X, X, 11, 12551 W BRIARWOOD DR, Boise, ID, 83713, (208) 322-5502
4, Rachel Hooper, X, X, X, X, X, X, X, X, 9, 12551 W BRIARWOOD DR, Boise, ID, 83713, (208) 322-5502
4, Katherine Irwin, , , , , , , , X, 10, 13351 SKYVIEW ST, Nampa, ID, 83686, (208) 461-3701
4, Brett Jackson, , , , , X, , X, X, 11, 404 W PORT ST, Caldwell, ID, 83605, (208) 899-0557
4, Dain Johnson, X, X, X, X, X, X, X, X, 12, 16730 PLUM RD, Caldwell, ID, 83607, (208) 459-4107
4, Megan Kalousek, , , , , , X, , X, 11, 4207 S MONTGOMERY LN, Nampa, ID, 83686, (208) 442-2586
4, Josiah Kronz, , , , X, , , , X, 11, 7255 SAATOGA DR, Nampa, ID, 83686, (208) 468-2288
4, Daniel Ostyn, X, , X, X, X, , X, X, 11, 6698 LOLA LN, Nampa, ID, 83686, (208) 392-3874
4, Jeremy Pope, , , X, X, , , X, X, 9, 575 FAIRHAVEN RD, Middleton, ID, 83644, (208) 340-9070
4, Aleta Purcell, , , , , , X, X, X, 9, 2719 E IOWA AVE, Nampa, ID, 83686, (208) 412-1097
4, Benjamin Simmons, , , , X, , , , X, 9, 1201 WINTHER BLVD, Nampa, ID, 83651, (208) 466-1662
4, Rebecca Tweedie, , , X, , X, X, X, X, 10, 921 SARATOGA DR, Boise, ID, 83706, (208) 345-0670
4, Matthew Vincent, X, , , , X, , X, X, 10, 1990 W RUSH RD, Eagle, ID, 83616, (208) 939-9874

Region, Student Name, S8, S9, S10, S11, W8, W9, W10, W11, Grade, Street, City, State, Zip, Phone
5, Jennifer Benton, , , , , , , , X, 12, 7325 SARATOGA DR, Nampa, ID, 83686, (208) 468-0335
5, Joshua Benton, , , , , , , X, X, 12, 7325 SARATOGA DR, Nampa, ID, 83686, (208) 468-0335
5, Jonathan Blank, , , , X, , , , X, 11, 5509 ROUNDUP ST, Boise, ID, 83709, (208) 854-1571
5, Brittany Boone, X, X, , X, X, X, X, X, 11, 7975 TRANQUILITY LN, Meridian, ID, 83642, (208) 888-0021
5, Nicolas Buckley, , , , , , , , X, 10, 3230 S CANONERO WAY, Boise, ID, 83709, (208) 362-5616
5, Andrew Carlson, , , , , , , , X, 9, 8600 W TARP LN, Boise, ID, 83709, (208) 484-3981
5, Robyn Case, , , , X, , , X, X, 11, 8600 HOLBROOK AVE, Boise, ID, 83704, (208) 375-4719
5, Whitney Chiles, , , , , X, , , X, 9, 3255 N FALSTAFF PL, Eagle, ID, 83616, (208) 939-2624
5, Rebekah Cox, , , , , , , X, X, 12, 1305 E COLUMBIA RD, Meridian, ID, 83642, (208) 895-8827
5, Lucas Darden, , , , , , , , X, 9, 5904 N COBBLER LN, Boise, ID, 83703, (208) 914-0441
5, Aria Faddis, X, X, X, X, X, X, X, X, 11, 6827 NORTHVIEW ST, Boise, ID, 83704, (208) 672-0548
5, Kaj Forney, , X, X, X, , X, X, X, 11, 645 W KODIAK DR, Meridian, ID, 83642, (208) 895-8741
5, Megan Fox, , , X, X, , X, X, X, 11, 3096 W DITCH CREEK ST, Meridian, ID, 83646, (208) 888-9664
5, Morgan Fox, , , X, X, , X, X, X, 11, 3096 W DITCH CREEK ST, Meridian, ID, 83646, (208) 888-9664
5, Esther Frederick, X, , X, X, X, , X, X, 9, 8796 W TILLAMOOK DR, Boise, ID, 83709, (208) 562-1489
5, Allie Gertsch, , , X, X, , , X, X, 11, 25 HORSESHU VUE CIR, Horseshoe Bend, ID, 83629, (208) 781-0608
5, Abigail Henbest, , , , , X, X, X, X, 10, 524 NW 15TH ST, Meridian, ID, 83642, (208) 888-7605
5, Nathaniel Hernandez, , , , , , , , X, 10, 9491 W BRONZE DR, Boise, ID, 83709, (208) 362-3384
5, Sean Jolliffe, X, X, , , X, X, , X, 9, 8507 W VINCENT ST, Boise, ID, 83709, (208) 514-7535
5, Lydia Jones, , , X, X, , , X, X, 9, 7358 MISTY GLEN AVE, Boise, ID, 83709, (208) 562-0787
5, Madeline Kircher, , , , , , X, , X, 9, 471 E SUNRISE RIM RD, Nampa, ID, 83686, (208) 463-0321
5, Quincey Lochard, , , X, X, X, , X, X, 9, 907 W EIDER DR, Meridian, ID, 83642, (208) 887-9018
5, Holly Monaghan, X, X, X, X, X, X, X, X, 10, 4581 E FAITH LN, Meridian, ID, 83642, (208) 362-8587
5, Larry Moreland, , , , , , , , X, 11, 12545 W TAHITI ST, Boise, ID, 83713, (208) 629-2013
5, Christina Nelson, X, X, X, X, X, X, X, X, 10, 3296 S QUARTERSWING WAY, Boise, ID, 83716, (208) 344-6180
5, Amber Nichols, , , , X, , , X, X, 11, 4321 MERIWETHER DR, Boise, ID, 83705, (208) 367-1581
5, Melissa Nichols, , , , , , , , X, 9, 4321 MERIWETHER DR, Boise, ID, 83705, (208) 367-1581
5, Kimberly Oswalt, , X, X, X, , X, X, X, 11, 1220 E LAKE CREEK ST, Meridian, ID, 83642, (208) 922-1941
5, Jeremiah Patchin, , , , , , , , X, 12, 4690 N FUTURITY AVE, Boise, ID, 83704, (208) 323-1863
5, Kevin Pond, , , , , , , , X, 12, 2543 E ALPOMADO CT, Eagle, ID, 83616, (208) 371-3568
5, Christine Reid, , , , X, , , X, X, 11, 9009 CYPRESS CREEK RD, Lantana, TX, 76226, (940) 725-3149
5, Alexandra Rust, , , , X, , , , X, 11, 5606 W AMITY RD, Nampa, ID, 83687, (208) 846-8655
5, Lauren Rust, , , , X, , , , X, 9, 5606 W AMITY RD, Nampa, ID, 83687, (208) 846-8655
5, Shareya Tabor, , , , X, , , , X, 9, 11385 W GREYLING CT, Boise, ID, 83709, (208) 571-0657
5, Elizabeth Van Vleck, , , , X, , , , X, 11, 12455 W HORSHAM DR, Boise, ID, 83709, (208) 991-9326
5, Levi Watson, X, X, X, X, X, X, X, X, 9, 5627 HOWARD LN, Nampa, ID, 83687, (208) 465-7245
5, Micah Watson, X, X, X, X, X, X, X, X, 10, 5627 HOWARD LN, Nampa, ID, 83687, (208) 465-7245
5, Troy Wilson, , , , X, , , , X, 10, 6 SAND HOLLOW LN, Horseshoe Bend, ID, 83629, (208) 793-2938
5, Christian Wright, , , X, X, , , X, X, 11, 639 W WATERBURY DR, Meridian, ID, 83646, (208) 514-6091
5, Jake Wright, , X, X, X, , X, X, X, 9, 639 W WATERBURY DR, Meridian, ID, 83646, (208) 514-6091

Region, Student Name, S8, S9, S10, S11, W8, W9, W10, W11, Grade, Street, City, State, Zip, Phone
6, Elisabeth Brennan, X, , , , X, , X, X, 10, 3301 SW SMITH RD, Mountain Home, ID, 83647, (208) 580-0304

Region, Student Name, S8, S9, S10, S11, W8, W9, W10, W11, Grade, Street, City, State, Zip, Phone
9, Teresa Barbre, , , X, X, X, , X, X, 9, RR 3 BOX 192, Blackfoot, ID, 83221, (208) 317-5590
9, Kelly Gasper, , , X, X, X, X, X, X, 10, PO BOX 502, Inkom, ID, 83245, (208) 775-3204

Region, Student Name, S8, S9, S10, S11, W8, W9, W10, W11, Grade, Street, City, State, Zip, Phone
11, Melissa Branagan, , X, , X, , X, , X, 9, 6854 E SUNNYSIDE RD, Idaho Falls, ID, 83406, (208) 716-1840
11, Abigail Haas, , X, X, X, , X, X, X, 9, 2624 LIMERICK CIR, Idaho Falls, ID, 83404, (208) 542-2738
11, Colby Rovig, , , , , , X, X, X, 11, 3475 APRIL DR, Idaho Falls, ID, 83402, (208) 529-3550

Region, Student Name, S8, S9, S10, S11, W8, W9, W10, W11, Grade, Street, City, State, Zip, Phone
12, Danielle Ashton, , , , , , , , X, 9, 2669 S SLOPE LN, Clarkston, WA, 99403, (509) 758-9727
12, Sarah Iddings, , , , , , , , X, 12, 1008 MARVIN LN, Clarkston, WA, 99403, (509) 758-6900

Region, Student Name, S8, S9, S10, S11, W8, W9, W10, W11, Grade, Street, City, State, Zip, Phone
13, Karly Ahrens, X, X, X, X, X, X, X, X, 9, 75 TOLLGATE RD, Grangeville, ID, 83530, (208) 983-1845
13, Kristen Ahrens, X, X, X, X, X, X, X, X, 11, 75 TOLLGATE RD, Grangeville, ID, 83530, (208) 983-1845
13, Matthew Davis, , , , , , X, X, X, 9, 103 MULLEDY RD, KOOSKIA, ID, 83539, (208) 926-7844
13, Sarah Davis, , , , , , , X, X, 9, 103 MULLEDY RD, KOOSKIA, ID, 83539, (208) 926-7844
13, Peter Grobey, , , , , , X, , X, 9, 2439 ALBERS RD, NezPerce, ID, 83543, (208) 476-5695
13, Alexander King, , , , X, X, X, X, X, 12, PO BOX 591, Grangeville, ID, 83530, (208) 983-1959

Region, Student Name, S8, S9, S10, S11, W8, W9, W10, W11, Grade, Street, City, State, Zip, Phone
14, Ethan Erickson, X, X, X, X, X, X, X, X, 10, 2109 HIGHLAND DR, Payette, ID, 83661, (208) 740-0394
14, Elizabeth Harris, , , , , X, X, X, X, 12, 2044 1ST AVE N, Payette, ID, 83661, (208) 642-9207
14, Zachary Taylor, , X, X, X, X, X, X, X, 9, 1210 SHADY LN, Emmett, ID, 83617, (208) 398-7776
14, Joshua Zaklan, , X, X, , , X, X, X, 10, 1210 N 6TH ST, Payette, ID, 83661, (208) 642-2545

Region, Student Name, S8, S9, S10, S11, W8, W9, W10, W11, Grade, Street, City, State, Zip, Phone
18, Luke Verst, , , , , , , , X, 9, 200 LETER BUCK RD, Hailey, ID, 83333, (208) 578-1083

Region, Student Name, S8, S9, S10, S11, W8, W9, W10, W11, Grade, Street, City, State, Zip, Phone
19, Melanie Schroeder, X, X, X, X, X, X, X, X, 10, 2721 KINGS WAY DR, Homedale, ID, 83628, (208) 337-5666
19, Rebecca Schroeder, X, X, X, X, X, X, X, X, 12, 2721 KINGS WAY DR, Homedale, ID, 83628, (208) 337-5666

107 Students